date,Fog_L_jour_x,Hydropanel_L_jour_x,AgriPV_L_jour_x,Condensation_L_jour_x,YEAR,DOY,ALLSKY_SFC_SW_DWN,WS2M,T2M_MAX,RH2M,T2M_MIN,PRECTOTCORR,Irradiance_kWh_m2,Hydropanel_L_jour_y,AgriPV_Energie_kWh_jour,AgriPV_L_jour_y,Fog_L_jour_y,Condensation_L_jour_y
2024-07-01,50.0,7.199074074074074,10.366666666666664,2.0,2024,183,31.1,3.94,34.94,48.62,16.99,0.0,8.63888888888889,7.199074074074074,15.549999999999999,10.366666666666665,50.0,2.0
2024-07-02,50.0,7.175925925925926,10.333333333333334,2.0,2024,184,31.0,2.95,37.54,47.38,16.42,0.0,8.61111111111111,7.175925925925926,15.5,10.333333333333334,50.0,2.0
2024-07-03,50.0,6.9907407407407405,10.066666666666666,2.0,2024,185,30.2,2.54,37.7,43.85,17.01,0.0,8.38888888888889,6.9907407407407405,15.1,10.066666666666666,50.0,2.0
2024-07-04,50.0,6.907407407407407,9.946666666666664,2.0,2024,186,29.84,3.13,37.89,46.2,18.36,0.0,8.288888888888888,6.9074074074074066,14.919999999999998,9.946666666666665,50.0,2.0
2024-07-05,50.0,6.817129629629629,9.816666666666666,2.0,2024,187,29.45,3.46,34.61,53.46,17.74,0.0,8.180555555555555,6.817129629629629,14.725,9.816666666666666,50.0,2.0
2024-07-06,50.0,7.150462962962964,10.296666666666669,2.0,2024,188,30.89,2.82,34.72,52.06,16.91,0.0,8.580555555555556,7.150462962962964,15.445,10.296666666666667,50.0,2.0
2024-07-07,50.0,7.032407407407407,10.126666666666669,2.0,2024,189,30.38,3.49,33.0,53.47,16.53,0.0,8.438888888888888,7.032407407407407,15.19,10.126666666666667,50.0,2.0
2024-07-08,50.0,6.993055555555556,10.07,2.0,2024,190,30.21,3.58,32.78,49.04,15.5,0.0,8.391666666666667,6.993055555555556,15.105,10.07,50.0,2.0
2024-07-09,50.0,6.9375,9.99,2.0,2024,191,29.97,4.23,35.86,45.63,16.12,0.0,8.325,6.9375,14.985,9.99,50.0,2.0
2024-07-10,50.0,6.780092592592593,9.763333333333334,2.0,2024,192,29.29,3.67,39.89,44.01,17.72,0.0,8.136111111111111,6.780092592592593,14.645,9.763333333333334,50.0,2.0
2024-07-11,50.0,6.243055555555555,8.989999999999998,2.0,2024,193,26.97,3.35,41.99,43.15,20.29,0.0,7.491666666666666,6.243055555555555,13.484999999999998,8.989999999999998,50.0,2.0
2024-07-12,50.0,6.571759259259259,9.463333333333331,2.0,2024,194,28.39,3.07,42.61,40.57,21.01,0.0,7.886111111111111,6.571759259259259,14.195,9.463333333333333,50.0,2.0
2024-07-13,50.0,6.650462962962963,9.576666666666666,2.0,2024,195,28.73,2.79,39.1,39.97,20.67,0.0,7.980555555555555,6.650462962962963,14.365,9.576666666666666,50.0,2.0
2024-07-14,50.0,6.893518518518519,9.926666666666668,2.0,2024,196,29.78,2.69,39.67,35.28,19.39,0.0,8.272222222222222,6.893518518518519,14.89,9.926666666666668,50.0,2.0
2024-07-15,50.0,7.002314814814814,10.083333333333332,2.0,2024,197,30.25,3.14,38.02,40.86,18.18,0.01,8.402777777777777,7.002314814814814,15.124999999999998,10.083333333333332,50.0,2.0
2024-07-16,50.0,6.775462962962963,9.756666666666666,2.0,2024,198,29.27,4.02,36.99,47.01,19.53,0.04,8.130555555555555,6.775462962962963,14.634999999999998,9.756666666666666,50.0,2.0
2024-07-17,50.0,5.863425925925926,8.443333333333332,2.0,2024,199,25.33,3.44,39.7,39.8,18.24,0.01,7.0361111111111105,5.863425925925926,12.664999999999997,8.443333333333332,50.0,2.0
2024-07-18,50.0,5.386574074074074,7.756666666666667,2.0,2024,200,23.27,2.61,42.41,30.1,25.46,0.0,6.463888888888889,5.386574074074074,11.635,7.756666666666667,50.0,2.0
2024-07-19,50.0,4.62037037037037,6.653333333333332,2.0,2024,201,19.96,2.24,43.9,40.64,26.27,12.25,5.544444444444444,4.62037037037037,9.979999999999999,6.653333333333332,50.0,2.0
2024-07-20,50.0,6.384259259259259,9.193333333333332,2.0,2024,202,27.58,3.19,39.21,46.77,22.78,0.0,7.6611111111111105,6.384259259259259,13.789999999999997,9.193333333333332,50.0,2.0
2024-07-21,50.0,6.780092592592593,9.763333333333334,2.0,2024,203,29.29,3.49,37.88,45.43,20.31,0.0,8.136111111111111,6.780092592592593,14.645,9.763333333333334,50.0,2.0
2024-07-22,50.0,6.541666666666667,9.42,2.0,2024,204,28.26,2.74,40.44,42.46,20.57,0.0,7.8500000000000005,6.541666666666667,14.129999999999999,9.42,50.0,2.0
2024-07-23,50.0,6.229166666666667,8.97,2.0,2024,205,26.91,1.98,46.02,30.1,24.82,0.02,7.475,6.229166666666667,13.455,8.97,50.0,2.0
2024-07-24,50.0,6.173611111111112,8.889999999999999,2.0,2024,206,26.67,2.77,46.79,21.81,29.46,0.0,7.408333333333333,6.173611111111112,13.334999999999999,8.889999999999999,50.0,2.0
2024-07-25,50.0,6.048611111111111,8.709999999999999,2.0,2024,207,26.13,2.91,44.29,29.14,25.87,0.0,7.258333333333333,6.048611111111111,13.065,8.709999999999999,50.0,2.0
2024-07-26,50.0,6.831018518518519,9.836666666666668,2.0,2024,208,29.51,3.19,39.69,36.8,21.78,0.0,8.197222222222223,6.831018518518519,14.755,9.836666666666668,50.0,2.0
2024-07-27,50.0,6.581018518518519,9.476666666666668,2.0,2024,209,28.43,3.77,36.83,49.03,19.14,0.0,7.897222222222222,6.581018518518519,14.215,9.476666666666667,50.0,2.0
2024-07-28,50.0,6.090277777777777,8.77,2.0,2024,210,26.31,3.83,34.18,55.96,18.7,0.01,7.308333333333333,6.090277777777777,13.155,8.77,50.0,2.0
2024-07-29,50.0,6.342592592592592,9.133333333333333,2.0,2024,211,27.4,3.31,35.09,52.05,17.89,0.0,7.611111111111111,6.342592592592592,13.7,9.133333333333333,50.0,2.0
2024-07-30,50.0,6.344907407407407,9.136666666666663,2.0,2024,212,27.41,3.47,39.45,46.77,18.26,0.0,7.613888888888889,6.344907407407407,13.704999999999998,9.136666666666665,50.0,2.0
2024-07-31,50.0,5.912037037037036,8.513333333333334,2.0,2024,213,25.54,3.03,41.42,42.27,22.23,0.0,7.094444444444444,5.912037037037036,12.77,8.513333333333334,50.0,2.0
2024-08-01,50.0,6.060185185185185,8.726666666666667,2.0,2024,214,26.18,3.44,40.72,44.77,22.3,0.0,7.272222222222222,6.060185185185185,13.09,8.726666666666667,50.0,2.0
2024-08-02,50.0,6.407407407407407,9.226666666666665,2.0,2024,215,27.68,3.5,40.85,35.83,21.85,0.0,7.688888888888888,6.407407407407407,13.839999999999998,9.226666666666665,50.0,2.0
2024-08-03,50.0,6.571759259259259,9.463333333333331,2.0,2024,216,28.39,2.96,43.5,28.53,22.61,0.0,7.886111111111111,6.571759259259259,14.195,9.463333333333333,50.0,2.0
2024-08-04,50.0,6.569444444444445,9.46,2.0,2024,217,28.38,2.93,42.83,32.28,21.49,0.0,7.883333333333333,6.569444444444445,14.19,9.459999999999999,50.0,2.0
2024-08-05,50.0,6.451388888888889,9.29,2.0,2024,218,27.87,2.66,37.5,40.67,21.38,0.0,7.741666666666667,6.451388888888889,13.935,9.290000000000001,50.0,2.0
2024-08-06,50.0,6.546296296296297,9.426666666666668,2.0,2024,219,28.28,2.83,38.97,42.11,18.58,0.0,7.855555555555556,6.546296296296297,14.14,9.426666666666668,50.0,2.0
2024-08-07,50.0,6.425925925925926,9.253333333333334,2.0,2024,220,27.76,2.55,36.76,50.22,18.91,0.0,7.711111111111111,6.425925925925926,13.88,9.253333333333334,50.0,2.0
2024-08-08,50.0,6.344907407407407,9.136666666666663,2.0,2024,221,27.41,2.93,38.63,45.99,20.08,0.0,7.613888888888889,6.344907407407407,13.704999999999998,9.136666666666665,50.0,2.0
2024-08-09,50.0,6.224537037037036,8.963333333333333,2.0,2024,222,26.89,2.95,39.99,44.85,19.48,0.0,7.469444444444444,6.224537037037036,13.444999999999999,8.963333333333333,50.0,2.0
2024-08-10,50.0,6.229166666666667,8.97,2.0,2024,223,26.91,2.39,42.49,35.9,21.54,0.0,7.475,6.229166666666667,13.455,8.97,50.0,2.0
2024-08-11,50.0,5.560185185185185,8.006666666666666,2.0,2024,224,24.02,2.36,44.29,30.71,23.59,0.0,6.672222222222222,5.560185185185185,12.009999999999998,8.006666666666666,50.0,2.0
2024-08-12,50.0,5.62962962962963,8.106666666666667,2.0,2024,225,24.32,2.94,42.35,28.04,24.85,0.01,6.7555555555555555,5.62962962962963,12.16,8.106666666666667,50.0,2.0
2024-08-13,50.0,6.268518518518517,9.026666666666666,2.0,2024,226,27.08,3.51,38.43,42.28,20.69,0.0,7.522222222222221,6.268518518518517,13.539999999999997,9.026666666666666,50.0,2.0
2024-08-14,50.0,6.550925925925926,9.433333333333334,2.0,2024,227,28.3,4.25,36.47,49.78,17.91,0.0,7.861111111111111,6.550925925925926,14.15,9.433333333333334,50.0,2.0
2024-08-15,50.0,6.4282407407407405,9.256666666666666,2.0,2024,228,27.77,3.79,39.94,46.92,19.27,0.0,7.713888888888889,6.4282407407407405,13.885,9.256666666666666,50.0,2.0
2024-08-16,50.0,6.402777777777779,9.22,2.0,2024,229,27.66,2.7,42.57,39.08,21.72,0.0,7.683333333333334,6.402777777777779,13.830000000000002,9.22,50.0,2.0
2024-08-17,50.0,6.231481481481481,8.973333333333333,2.0,2024,230,26.92,2.44,45.03,27.28,24.7,0.0,7.477777777777778,6.231481481481481,13.459999999999999,8.973333333333333,50.0,2.0
2024-08-18,50.0,6.104166666666667,8.79,2.0,2024,231,26.37,2.79,44.95,25.56,25.64,0.0,7.325,6.104166666666667,13.184999999999999,8.79,50.0,2.0
2024-08-19,50.0,5.576388888888889,8.03,2.0,2024,232,24.09,2.84,40.9,30.16,26.2,0.0,6.691666666666666,5.576388888888889,12.044999999999998,8.03,50.0,2.0
2024-08-20,50.0,4.430555555555555,6.379999999999999,2.0,2024,233,19.14,3.15,38.24,39.97,22.99,1.2,5.316666666666666,4.430555555555555,9.569999999999999,6.379999999999999,50.0,2.0
2024-08-21,50.0,5.784722222222221,8.329999999999998,2.0,2024,234,24.99,3.0,40.04,42.37,22.88,0.0,6.941666666666666,5.784722222222221,12.494999999999997,8.329999999999998,50.0,2.0
2024-08-22,50.0,6.141203703703704,8.843333333333332,2.0,2024,235,26.53,3.6,35.55,52.15,19.98,0.01,7.3694444444444445,6.141203703703704,13.264999999999999,8.843333333333332,50.0,2.0
2024-08-23,50.0,6.039351851851852,8.696666666666665,2.0,2024,236,26.09,3.69,33.27,52.84,18.65,0.09,7.247222222222222,6.039351851851852,13.044999999999998,8.696666666666665,50.0,2.0
2024-08-24,50.0,5.576388888888889,8.03,2.0,2024,237,24.09,3.77,34.76,54.74,18.52,0.01,6.691666666666666,5.576388888888889,12.044999999999998,8.03,50.0,2.0
2024-08-25,50.0,5.729166666666666,8.25,2.0,2024,238,24.75,3.33,38.38,51.63,20.52,0.0,6.875,5.729166666666666,12.375,8.25,50.0,2.0
2024-08-26,50.0,6.025462962962963,8.676666666666668,2.0,2024,239,26.03,2.67,37.38,48.51,20.08,0.0,7.230555555555556,6.025462962962963,13.015,8.676666666666668,50.0,2.0
2024-08-27,50.0,6.074074074074073,8.746666666666666,2.0,2024,240,26.24,2.54,37.37,45.65,19.36,0.0,7.288888888888888,6.074074074074073,13.12,8.746666666666666,50.0,2.0
2024-08-28,50.0,5.810185185185185,8.366666666666667,2.0,2024,241,25.1,3.29,33.72,53.54,18.03,0.03,6.972222222222222,5.810185185185185,12.55,8.366666666666667,50.0,2.0
2024-08-29,50.0,5.513888888888888,7.939999999999999,2.0,2024,242,23.82,3.81,32.51,57.0,17.76,0.0,6.616666666666666,5.513888888888888,11.909999999999998,7.939999999999999,50.0,2.0
2024-08-30,50.0,5.546296296296297,7.986666666666667,2.0,2024,243,23.96,3.66,33.2,62.19,18.66,0.03,6.655555555555556,5.546296296296297,11.98,7.986666666666667,50.0,2.0
2024-08-31,50.0,5.456018518518518,7.856666666666666,2.0,2024,244,23.57,3.75,34.69,62.28,18.98,0.02,6.5472222222222225,5.456018518518518,11.785,7.8566666666666665,50.0,2.0
2024-09-01,50.0,5.340277777777778,7.689999999999999,2.0,2024,245,23.07,3.47,34.02,59.59,18.87,0.01,6.408333333333333,5.340277777777778,11.534999999999998,7.689999999999999,50.0,2.0
2024-09-02,50.0,5.622685185185184,8.096666666666666,2.0,2024,246,24.29,3.81,37.32,51.92,19.83,0.0,6.747222222222222,5.622685185185184,12.144999999999998,8.096666666666666,50.0,2.0
2024-09-03,50.0,5.097222222222221,7.34,2.0,2024,247,22.02,3.5,35.4,55.39,19.51,0.04,6.116666666666666,5.097222222222221,11.01,7.34,50.0,2.0
2024-09-04,50.0,5.333333333333333,7.679999999999999,2.0,2024,248,23.04,3.2,36.12,48.93,18.81,0.0,6.3999999999999995,5.333333333333333,11.519999999999998,7.679999999999999,50.0,2.0
2024-09-05,50.0,5.432870370370369,7.823333333333333,2.0,2024,249,23.47,2.78,39.47,35.89,22.41,0.02,6.519444444444444,5.432870370370369,11.735,7.823333333333333,50.0,2.0
2024-09-06,50.0,4.851851851851851,6.9866666666666655,2.0,2024,250,20.96,3.34,36.79,39.05,22.3,0.08,5.822222222222222,4.851851851851851,10.479999999999999,6.9866666666666655,50.0,2.0
2024-09-07,50.0,4.0,5.760000000000001,2.0,2024,251,17.28,3.1,39.04,57.28,23.08,16.55,4.8,3.9999999999999996,8.64,5.760000000000001,50.0,2.0
2024-09-08,50.0,4.863425925925926,7.003333333333334,2.0,2024,252,21.01,3.27,30.3,67.69,20.48,0.4,5.836111111111111,4.863425925925926,10.505,7.003333333333334,50.0,2.0
2024-09-09,50.0,5.717592592592592,8.233333333333333,2.0,2024,253,24.7,2.52,31.89,60.13,17.66,0.02,6.861111111111111,5.717592592592592,12.35,8.233333333333333,50.0,2.0
2024-09-10,50.0,5.726851851851852,8.246666666666664,2.0,2024,254,24.74,3.07,31.41,59.13,16.63,0.02,6.872222222222222,5.726851851851852,12.369999999999997,8.246666666666664,50.0,2.0
2024-09-11,50.0,5.310185185185185,7.646666666666667,2.0,2024,255,22.94,3.58,28.89,57.8,16.51,0.12,6.372222222222223,5.310185185185185,11.47,7.646666666666667,50.0,2.0
2024-09-12,50.0,5.618055555555555,8.089999999999998,2.0,2024,256,24.27,3.78,33.91,47.0,14.83,0.0,6.741666666666666,5.618055555555555,12.134999999999998,8.089999999999998,50.0,2.0
2024-09-13,50.0,5.5115740740740735,7.936666666666666,2.0,2024,257,23.81,2.06,35.09,47.57,17.84,0.0,6.613888888888888,5.5115740740740735,11.905,7.9366666666666665,50.0,2.0
2024-09-14,50.0,5.2430555555555545,7.549999999999998,2.0,2024,258,22.65,1.43,38.63,39.18,20.6,0.0,6.291666666666666,5.2430555555555545,11.324999999999998,7.549999999999998,50.0,2.0
2024-09-15,50.0,4.935185185185185,7.1066666666666665,2.0,2024,259,21.32,2.25,39.04,36.08,23.01,0.01,5.9222222222222225,4.935185185185185,10.66,7.1066666666666665,50.0,2.0
2024-09-16,50.0,4.587962962962963,6.6066666666666665,2.0,2024,260,19.82,2.33,34.99,51.05,19.4,0.01,5.5055555555555555,4.587962962962963,9.91,6.6066666666666665,50.0,2.0
2024-09-17,50.0,4.958333333333334,7.14,2.0,2024,261,21.42,1.95,31.96,55.82,18.85,0.04,5.95,4.958333333333334,10.709999999999999,7.14,50.0,2.0
2024-09-18,50.0,4.474537037037036,6.443333333333332,2.0,2024,262,19.33,2.27,30.86,63.96,17.27,0.06,5.369444444444444,4.474537037037036,9.664999999999997,6.443333333333332,50.0,2.0
2024-09-19,50.0,5.060185185185185,7.286666666666666,2.0,2024,263,21.86,2.65,31.11,60.09,16.4,0.06,6.072222222222222,5.060185185185185,10.93,7.286666666666666,50.0,2.0
2024-09-20,50.0,4.564814814814814,6.573333333333332,2.0,2024,264,19.72,2.09,31.34,57.38,19.4,1.42,5.477777777777777,4.564814814814814,9.859999999999998,6.5733333333333315,50.0,2.0
2024-09-21,50.0,4.331018518518518,6.2366666666666655,2.0,2024,265,18.71,2.65,30.02,58.52,17.76,0.04,5.197222222222222,4.331018518518518,9.354999999999999,6.2366666666666655,50.0,2.0
2024-09-22,50.0,4.93287037037037,7.103333333333333,2.0,2024,266,21.31,2.67,31.62,57.54,18.25,0.15,5.919444444444444,4.93287037037037,10.655,7.103333333333333,50.0,2.0
2024-09-23,50.0,4.93287037037037,7.103333333333333,2.0,2024,267,21.31,2.51,31.22,56.21,17.5,0.03,5.919444444444444,4.93287037037037,10.655,7.103333333333333,50.0,2.0
2024-09-24,50.0,5.043981481481481,7.263333333333332,2.0,2024,268,21.79,2.61,29.56,59.64,16.82,0.09,6.052777777777777,5.043981481481481,10.894999999999998,7.263333333333332,50.0,2.0
2024-09-25,50.0,5.1157407407407405,7.366666666666667,2.0,2024,269,22.1,2.81,33.44,50.08,15.49,0.0,6.138888888888889,5.1157407407407405,11.05,7.366666666666667,50.0,2.0
2024-09-26,50.0,5.099537037037037,7.343333333333333,2.0,2024,270,22.03,2.71,33.02,54.4,18.08,0.01,6.1194444444444445,5.099537037037037,11.014999999999999,7.343333333333333,50.0,2.0
2024-09-27,50.0,5.060185185185185,7.286666666666666,2.0,2024,271,21.86,3.1,32.55,60.92,17.41,0.12,6.072222222222222,5.060185185185185,10.93,7.286666666666666,50.0,2.0
2024-09-28,50.0,5.074074074074074,7.3066666666666675,2.0,2024,272,21.92,3.47,31.15,56.96,16.92,0.03,6.0888888888888895,5.074074074074074,10.96,7.3066666666666675,50.0,2.0
2024-09-29,50.0,4.909722222222222,7.069999999999999,2.0,2024,273,21.21,2.88,34.88,49.54,16.24,0.0,5.891666666666667,4.909722222222222,10.604999999999999,7.069999999999999,50.0,2.0
2024-09-30,50.0,4.708333333333333,6.779999999999999,2.0,2024,274,20.34,2.03,39.69,40.07,19.7,0.01,5.6499999999999995,4.708333333333333,10.169999999999998,6.7799999999999985,50.0,2.0
2024-10-01,50.0,4.541666666666667,6.54,2.0,2024,275,19.62,2.15,39.8,34.77,24.39,0.01,5.45,4.541666666666667,9.81,6.54,50.0,2.0
2024-10-02,50.0,4.847222222222223,6.98,2.0,2024,276,20.94,2.89,38.36,40.25,22.05,0.0,5.816666666666667,4.847222222222223,10.47,6.98,50.0,2.0
2024-10-03,50.0,4.708333333333333,6.779999999999999,2.0,2024,277,20.34,3.17,33.87,50.94,18.47,0.01,5.6499999999999995,4.708333333333333,10.169999999999998,6.7799999999999985,50.0,2.0
2024-10-04,50.0,4.655092592592593,6.703333333333333,2.0,2024,278,20.11,3.51,32.62,59.55,18.32,0.01,5.586111111111111,4.655092592592593,10.055,6.703333333333333,50.0,2.0
2024-10-05,50.0,4.68287037037037,6.743333333333333,2.0,2024,279,20.23,3.49,33.16,57.15,19.1,0.02,5.6194444444444445,4.68287037037037,10.115,6.743333333333333,50.0,2.0
2024-10-06,50.0,4.56712962962963,6.576666666666665,2.0,2024,280,19.73,2.73,35.35,54.08,18.86,0.03,5.480555555555555,4.56712962962963,9.864999999999998,6.576666666666665,50.0,2.0
2024-10-07,50.0,2.5231481481481484,3.633333333333333,2.0,2024,281,10.9,2.91,29.93,64.67,17.95,0.21,3.0277777777777777,2.5231481481481484,5.45,3.6333333333333333,50.0,2.0
2024-10-08,50.0,4.474537037037036,6.443333333333332,2.0,2024,282,19.33,1.65,26.55,68.03,16.55,0.72,5.369444444444444,4.474537037037036,9.664999999999997,6.443333333333332,50.0,2.0
2024-10-09,50.0,4.68287037037037,6.743333333333333,2.0,2024,283,20.23,2.23,29.15,65.61,15.04,0.11,5.6194444444444445,4.68287037037037,10.115,6.743333333333333,50.0,2.0
2024-10-10,50.0,3.9375,5.670000000000001,2.0,2024,284,17.01,1.98,30.39,54.15,16.81,0.09,4.7250000000000005,3.9375000000000004,8.505,5.670000000000001,50.0,2.0
2024-10-11,50.0,4.550925925925926,6.553333333333334,2.0,2024,285,19.66,2.42,32.03,55.64,17.59,0.01,5.461111111111111,4.550925925925926,9.83,6.553333333333334,50.0,2.0
2024-10-12,50.0,2.398148148148148,3.453333333333333,2.0,2024,286,10.36,3.21,29.67,73.58,18.0,10.95,2.8777777777777778,2.398148148148148,5.18,3.453333333333333,50.0,2.0
2024-10-13,50.0,4.090277777777779,5.890000000000001,2.0,2024,287,17.67,2.33,25.51,70.11,16.32,4.17,4.908333333333334,4.090277777777779,8.835,5.890000000000001,50.0,2.0
2024-10-14,50.0,3.7939814814814814,5.463333333333334,2.0,2024,288,16.39,1.45,25.19,66.79,15.18,1.48,4.552777777777778,3.7939814814814814,8.195,5.463333333333334,50.0,2.0
2024-10-15,50.0,2.976851851851852,4.286666666666666,2.0,2024,289,12.86,3.2,28.65,66.36,16.7,3.04,3.572222222222222,2.9768518518518516,6.43,4.286666666666666,50.0,2.0
2024-10-16,50.0,3.402777777777777,4.9,2.0,2024,290,14.7,2.35,26.89,73.73,17.48,7.27,4.083333333333333,3.4027777777777772,7.349999999999999,4.8999999999999995,50.0,2.0
2024-10-17,50.0,4.104166666666666,5.91,2.0,2024,291,17.73,2.64,25.56,69.12,14.55,0.57,4.925,4.104166666666666,8.865,5.91,50.0,2.0
2024-10-18,50.0,4.553240740740741,6.556666666666668,2.0,2024,292,19.67,3.51,27.56,58.55,11.84,0.0,5.4638888888888895,4.553240740740741,9.835,6.5566666666666675,50.0,2.0
2024-10-19,50.0,4.363425925925927,6.283333333333334,2.0,2024,293,18.85,2.53,25.64,59.75,11.96,0.0,5.236111111111112,4.3634259259259265,9.425,6.283333333333334,50.0,2.0
2024-10-20,50.0,4.231481481481482,6.093333333333334,2.0,2024,294,18.28,1.88,29.08,56.36,14.97,0.0,5.077777777777778,4.231481481481482,9.14,6.093333333333334,50.0,2.0
2024-10-21,50.0,4.136574074074074,5.956666666666667,2.0,2024,295,17.87,2.06,28.79,68.53,14.59,0.0,4.9638888888888895,4.136574074074074,8.935,5.956666666666667,50.0,2.0
2024-10-22,50.0,3.9953703703703702,5.753333333333334,2.0,2024,296,17.26,1.47,30.64,57.82,16.15,0.0,4.794444444444445,3.9953703703703707,8.63,5.753333333333334,50.0,2.0
2024-10-23,50.0,2.916666666666667,4.2,2.0,2024,297,12.6,1.66,26.81,54.78,19.57,0.89,3.5,2.916666666666667,6.3,4.2,50.0,2.0
2024-10-24,50.0,3.599537037037037,5.183333333333333,2.0,2024,298,15.55,2.15,30.71,54.67,17.72,0.62,4.319444444444445,3.599537037037037,7.7749999999999995,5.183333333333333,50.0,2.0
2024-10-25,50.0,3.261574074074074,4.696666666666666,2.0,2024,299,14.09,2.57,25.55,66.92,15.9,0.15,3.9138888888888888,3.261574074074074,7.044999999999999,4.696666666666666,50.0,2.0
2024-10-26,50.0,3.664351851851852,5.276666666666666,2.0,2024,300,15.83,4.14,22.55,62.47,10.61,0.23,4.397222222222222,3.664351851851852,7.914999999999999,5.276666666666666,50.0,2.0
2024-10-27,50.0,2.9097222222222223,4.19,2.0,2024,301,12.57,2.32,21.75,66.89,9.97,0.28,3.4916666666666667,2.9097222222222223,6.284999999999999,4.1899999999999995,50.0,2.0
2024-10-28,50.0,2.388888888888889,3.44,2.0,2024,302,10.32,1.88,18.07,74.84,10.25,1.31,2.8666666666666667,2.388888888888889,5.16,3.44,50.0,2.0
2024-10-29,50.0,2.2546296296296298,3.2466666666666666,2.0,2024,303,9.74,4.15,19.64,76.95,9.85,2.29,2.7055555555555557,2.2546296296296298,4.87,3.2466666666666666,50.0,2.0
2024-10-30,50.0,2.0324074074074074,2.9266666666666663,2.0,2024,304,8.78,3.57,22.81,75.36,12.11,0.72,2.4388888888888887,2.0324074074074074,4.39,2.9266666666666663,50.0,2.0
2024-10-31,50.0,3.812499999999999,5.489999999999998,2.0,2024,305,16.47,1.37,24.02,71.21,12.17,0.08,4.574999999999999,3.812499999999999,8.234999999999998,5.489999999999998,50.0,2.0
2024-11-01,50.0,3.680555555555556,5.3,2.0,2024,306,15.9,1.25,24.53,68.97,13.61,0.06,4.416666666666667,3.680555555555556,7.95,5.3,50.0,2.0
2024-11-02,50.0,3.706018518518519,5.336666666666667,2.0,2024,307,16.01,1.53,24.29,68.16,13.04,0.0,4.447222222222223,3.706018518518519,8.005,5.336666666666667,50.0,2.0
2024-11-03,50.0,3.6759259259259274,5.293333333333334,2.0,2024,308,15.88,1.37,27.83,52.31,14.2,0.0,4.411111111111111,3.6759259259259265,7.94,5.293333333333334,50.0,2.0
2024-11-04,50.0,3.354166666666667,4.83,2.0,2024,309,14.49,1.58,28.27,48.06,13.42,0.0,4.025,3.354166666666667,7.245,4.83,50.0,2.0
2024-11-05,50.0,3.6875,5.31,2.0,2024,310,15.93,1.41,31.47,41.72,16.51,0.0,4.425,3.6874999999999996,7.965,5.31,50.0,2.0
2024-11-06,50.0,3.726851851851852,5.366666666666666,2.0,2024,311,16.1,1.5,33.67,34.17,17.3,0.0,4.472222222222222,3.7268518518518516,8.049999999999999,5.366666666666666,50.0,2.0
2024-11-07,50.0,2.638888888888889,3.8,2.0,2024,312,11.4,2.25,32.85,37.92,18.42,0.0,3.1666666666666665,2.638888888888889,5.699999999999999,3.7999999999999994,50.0,2.0
2024-11-08,50.0,1.828703703703704,2.6333333333333333,2.0,2024,313,7.9,2.35,32.51,42.04,19.6,0.0,2.1944444444444446,1.8287037037037037,3.95,2.6333333333333333,50.0,2.0
2024-11-09,50.0,1.6712962962962965,2.4066666666666667,2.0,2024,314,7.22,1.41,26.24,49.29,19.29,0.0,2.0055555555555555,1.6712962962962963,3.6100000000000003,2.4066666666666667,50.0,2.0
2024-11-10,50.0,3.55324074074074,5.116666666666666,2.0,2024,315,15.35,2.29,28.68,49.34,14.31,0.0,4.263888888888888,3.55324074074074,7.674999999999999,5.116666666666666,50.0,2.0
2024-11-11,50.0,3.5486111111111107,5.109999999999999,2.0,2024,316,15.33,2.48,25.46,61.48,12.81,0.01,4.258333333333333,3.5486111111111107,7.664999999999999,5.109999999999999,50.0,2.0
2024-11-12,50.0,3.324074074074073,4.786666666666666,2.0,2024,317,14.36,1.63,23.94,65.74,12.43,0.08,3.9888888888888885,3.3240740740740735,7.179999999999999,4.786666666666666,50.0,2.0
2024-11-13,50.0,2.747685185185185,3.9566666666666666,2.0,2024,318,11.87,2.47,21.73,74.97,12.17,0.85,3.297222222222222,2.747685185185185,5.935,3.9566666666666666,50.0,2.0
2024-11-14,50.0,3.1921296296296293,4.596666666666666,2.0,2024,319,13.79,2.45,22.91,68.9,12.19,0.08,3.8305555555555553,3.1921296296296293,6.894999999999999,4.596666666666666,50.0,2.0
2024-11-15,50.0,2.488425925925926,3.583333333333333,2.0,2024,320,10.75,2.07,25.43,47.46,12.42,0.03,2.986111111111111,2.488425925925926,5.375,3.5833333333333335,50.0,2.0
2024-11-16,50.0,3.173611111111112,4.57,2.0,2024,321,13.71,2.4,28.92,50.46,13.71,0.02,3.8083333333333336,3.1736111111111116,6.855,4.57,50.0,2.0
2024-11-17,50.0,2.9629629629629632,4.266666666666667,2.0,2024,322,12.8,2.16,25.74,52.87,13.62,0.06,3.555555555555556,2.9629629629629632,6.4,4.266666666666667,50.0,2.0
2024-11-18,50.0,2.6620370370370368,3.8333333333333326,2.0,2024,323,11.5,2.33,26.86,58.19,15.86,0.68,3.194444444444444,2.6620370370370368,5.749999999999999,3.8333333333333326,50.0,2.0
2024-11-19,50.0,1.347222222222222,1.94,2.0,2024,324,5.82,2.63,24.43,65.31,15.59,4.21,1.6166666666666667,1.347222222222222,2.91,1.9400000000000002,50.0,2.0
2024-11-20,50.0,3.298611111111111,4.749999999999999,2.0,2024,325,14.25,1.67,27.76,57.11,15.09,0.05,3.958333333333333,3.298611111111111,7.124999999999999,4.749999999999999,50.0,2.0
2024-11-21,50.0,3.263888888888889,4.699999999999999,2.0,2024,326,14.1,1.31,28.35,46.98,15.72,0.0,3.9166666666666665,3.263888888888889,7.049999999999999,4.699999999999999,50.0,2.0
2024-11-22,50.0,3.206018518518518,4.616666666666666,2.0,2024,327,13.85,1.87,28.13,43.35,15.12,0.0,3.847222222222222,3.206018518518518,6.925,4.616666666666666,50.0,2.0
2024-11-23,50.0,3.2013888888888893,4.61,2.0,2024,328,13.83,2.07,31.59,36.95,15.16,0.0,3.841666666666667,3.2013888888888893,6.915000000000001,4.61,50.0,2.0
2024-11-24,50.0,2.006944444444444,2.89,2.0,2024,329,8.67,3.9,30.75,30.49,19.26,0.01,2.408333333333333,2.006944444444444,4.335,2.89,50.0,2.0
2024-11-25,50.0,2.6597222222222223,3.83,2.0,2024,330,11.49,2.79,29.1,38.95,16.18,0.0,3.1916666666666664,2.6597222222222223,5.744999999999999,3.8299999999999996,50.0,2.0
2024-11-26,50.0,2.162037037037037,3.1133333333333333,2.0,2024,331,9.34,2.73,29.12,34.51,16.16,0.0,2.5944444444444446,2.162037037037037,4.67,3.1133333333333333,50.0,2.0
2024-11-27,50.0,3.002314814814815,4.323333333333333,2.0,2024,332,12.97,2.27,30.17,32.67,15.98,0.0,3.602777777777778,3.002314814814815,6.485,4.323333333333333,50.0,2.0
2024-11-28,50.0,2.981481481481482,4.293333333333333,2.0,2024,333,12.88,1.67,30.53,33.35,15.38,0.0,3.577777777777778,2.981481481481482,6.4399999999999995,4.293333333333333,50.0,2.0
2024-11-29,50.0,2.678240740740741,3.856666666666667,2.0,2024,334,11.57,1.23,29.22,35.0,16.82,0.0,3.213888888888889,2.678240740740741,5.785,3.856666666666667,50.0,2.0
2024-11-30,50.0,2.960648148148148,4.263333333333333,2.0,2024,335,12.79,1.9,29.13,36.57,16.27,0.0,3.5527777777777776,2.960648148148148,6.395,4.263333333333333,50.0,2.0
2024-12-01,50.0,2.395833333333333,3.45,2.0,2024,336,10.35,2.31,26.85,32.07,14.07,0.0,2.875,2.3958333333333335,5.175,3.4499999999999997,50.0,2.0
2024-12-02,50.0,2.706018518518518,3.896666666666665,2.0,2024,337,11.69,1.37,27.0,36.58,13.92,0.0,3.247222222222222,2.706018518518518,5.844999999999998,3.896666666666665,50.0,2.0
2024-12-03,50.0,2.921296296296296,4.206666666666666,2.0,2024,338,12.62,1.65,26.49,44.03,13.0,0.0,3.505555555555555,2.921296296296296,6.309999999999999,4.206666666666666,50.0,2.0
2024-12-04,50.0,3.083333333333333,4.44,2.0,2024,339,13.32,2.4,24.32,58.57,11.4,0.0,3.7,3.0833333333333335,6.66,4.44,50.0,2.0
2024-12-05,50.0,2.671296296296296,3.846666666666666,2.0,2024,340,11.54,1.89,24.09,47.76,10.4,0.0,3.2055555555555553,2.671296296296296,5.769999999999999,3.846666666666666,50.0,2.0
2024-12-06,50.0,3.138888888888889,4.52,2.0,2024,341,13.56,1.19,26.17,34.05,10.53,0.0,3.7666666666666666,3.138888888888889,6.779999999999999,4.52,50.0,2.0
2024-12-07,50.0,2.3796296296296293,3.426666666666666,2.0,2024,342,10.28,1.73,24.87,41.99,12.47,0.05,2.855555555555555,2.3796296296296293,5.139999999999999,3.426666666666666,50.0,2.0
2024-12-08,50.0,2.8125,4.05,2.0,2024,343,12.15,1.92,24.08,62.92,11.16,0.06,3.375,2.8125,6.075,4.05,50.0,2.0
2024-12-09,50.0,2.756944444444444,3.9699999999999993,2.0,2024,344,11.91,2.87,19.2,74.02,7.52,0.05,3.308333333333333,2.756944444444444,5.954999999999999,3.9699999999999993,50.0,2.0
2024-12-10,50.0,3.1481481481481484,4.533333333333333,2.0,2024,345,13.6,1.94,16.4,63.11,4.93,0.0,3.7777777777777777,3.1481481481481484,6.8,4.533333333333333,50.0,2.0
2024-12-11,50.0,2.185185185185185,3.1466666666666665,2.0,2024,346,9.44,1.87,16.73,65.43,3.73,0.09,2.6222222222222222,2.185185185185185,4.72,3.1466666666666665,50.0,2.0
2024-12-12,50.0,2.5810185185185186,3.7166666666666655,2.0,2024,347,11.15,2.1,17.7,73.74,6.73,0.03,3.0972222222222223,2.5810185185185186,5.574999999999999,3.7166666666666663,50.0,2.0
2024-12-13,50.0,3.0486111111111107,4.39,2.0,2024,348,13.17,1.18,19.29,62.56,7.81,0.0,3.658333333333333,3.0486111111111107,6.584999999999999,4.39,50.0,2.0
2024-12-14,50.0,2.4606481481481484,3.543333333333333,2.0,2024,349,10.63,1.45,23.42,35.0,8.13,0.0,2.952777777777778,2.4606481481481484,5.3149999999999995,3.543333333333333,50.0,2.0
2024-12-15,50.0,2.1712962962962963,3.126666666666667,2.0,2024,350,9.38,1.56,23.15,25.62,12.28,0.0,2.6055555555555556,2.1712962962962963,4.69,3.126666666666667,50.0,2.0
2024-12-16,50.0,2.8171296296296293,4.056666666666667,2.0,2024,351,12.17,1.99,23.97,27.19,12.06,0.0,3.3805555555555555,2.8171296296296293,6.085,4.056666666666667,50.0,2.0
2024-12-17,50.0,2.400462962962963,3.4566666666666657,2.0,2024,352,10.37,1.99,26.69,32.08,12.51,0.0,2.880555555555555,2.400462962962963,5.184999999999999,3.4566666666666657,50.0,2.0
2024-12-18,50.0,2.8009259259259256,4.033333333333332,2.0,2024,353,12.1,1.38,25.12,42.31,11.82,0.07,3.3611111111111107,2.8009259259259256,6.049999999999999,4.033333333333332,50.0,2.0
2024-12-19,50.0,2.675925925925926,3.8533333333333335,2.0,2024,354,11.56,1.3,23.42,58.04,10.56,0.09,3.2111111111111112,2.675925925925926,5.78,3.8533333333333335,50.0,2.0
2024-12-20,50.0,2.4814814814814814,3.5733333333333337,2.0,2024,355,10.72,2.29,21.96,69.87,8.93,0.66,2.977777777777778,2.4814814814814814,5.36,3.5733333333333337,50.0,2.0
2024-12-21,50.0,2.1412037037037037,3.0833333333333326,2.0,2024,356,9.25,2.55,14.77,83.46,8.86,6.14,2.569444444444444,2.1412037037037033,4.624999999999999,3.0833333333333326,50.0,2.0
2024-12-22,50.0,2.175925925925926,3.1333333333333333,2.0,2024,357,9.4,1.7,18.92,58.01,7.08,0.01,2.611111111111111,2.175925925925926,4.7,3.1333333333333333,50.0,2.0
2024-12-23,50.0,2.935185185185185,4.226666666666667,2.0,2024,358,12.68,1.37,21.51,52.28,8.9,0.0,3.522222222222222,2.935185185185185,6.34,4.226666666666667,50.0,2.0
2024-12-24,50.0,2.9745370370370368,4.283333333333333,2.0,2024,359,12.85,1.45,23.06,44.18,8.61,0.0,3.569444444444444,2.9745370370370368,6.425,4.283333333333333,50.0,2.0
2024-12-25,50.0,2.7152777777777777,3.91,2.0,2024,360,11.73,1.63,24.23,39.1,10.37,0.0,3.2583333333333333,2.7152777777777777,5.865,3.91,50.0,2.0
2024-12-26,50.0,2.775462962962963,3.9966666666666666,2.0,2024,361,11.99,2.18,23.27,41.79,9.09,0.01,3.3305555555555557,2.775462962962963,5.995,3.9966666666666666,50.0,2.0
2024-12-27,50.0,2.1597222222222223,3.11,2.0,2024,362,9.33,1.64,22.5,43.07,9.81,0.05,2.591666666666667,2.1597222222222223,4.665,3.11,50.0,2.0
2024-12-28,50.0,2.078703703703704,2.9933333333333327,2.0,2024,363,8.98,1.15,19.18,55.82,11.25,0.91,2.4944444444444445,2.0787037037037037,4.489999999999999,2.9933333333333327,50.0,2.0
2024-12-29,50.0,2.398148148148148,3.453333333333333,2.0,2024,364,10.36,1.36,16.82,71.36,9.8,0.31,2.8777777777777778,2.398148148148148,5.18,3.453333333333333,50.0,2.0
2024-12-30,50.0,2.3564814814814814,3.3933333333333326,2.0,2024,365,10.18,1.34,17.72,60.56,9.24,0.1,2.8277777777777775,2.3564814814814814,5.089999999999999,3.3933333333333326,50.0,2.0
2024-12-31,50.0,2.837962962962963,4.086666666666667,2.0,2024,366,12.26,1.02,18.21,62.54,6.83,0.15,3.4055555555555554,2.837962962962963,6.13,4.086666666666667,50.0,2.0
2025-01-01,50.0,3.023148148148148,4.3533333333333335,2.0,2025,1,13.06,1.58,18.08,56.75,6.5,1.19,3.6277777777777778,3.023148148148148,6.53,4.3533333333333335,50.0,2.0
2025-01-02,50.0,3.020833333333333,4.35,2.0,2025,2,13.05,1.49,20.08,41.74,4.74,0.0,3.625,3.020833333333333,6.5249999999999995,4.35,50.0,2.0
2025-01-03,50.0,2.916666666666667,4.2,2.0,2025,3,12.6,1.42,20.57,34.31,5.06,0.0,3.5,2.916666666666667,6.3,4.2,50.0,2.0
2025-01-04,50.0,2.4814814814814814,3.5733333333333337,2.0,2025,4,10.72,1.31,19.57,45.52,8.1,0.0,2.977777777777778,2.4814814814814814,5.36,3.5733333333333337,50.0,2.0
2025-01-05,50.0,2.8935185185185186,4.166666666666667,2.0,2025,5,12.5,2.1,20.42,43.99,7.7,0.0,3.4722222222222223,2.8935185185185186,6.25,4.166666666666667,50.0,2.0
2025-01-06,50.0,1.7847222222222223,2.57,2.0,2025,6,7.71,3.09,19.31,66.19,9.21,1.4,2.1416666666666666,1.7847222222222223,3.8549999999999995,2.57,50.0,2.0
2025-01-07,50.0,3.171296296296296,4.566666666666666,2.0,2025,7,13.7,1.83,20.83,54.37,6.72,0.08,3.8055555555555554,3.171296296296296,6.85,4.566666666666666,50.0,2.0
2025-01-08,50.0,2.703703703703704,3.893333333333333,2.0,2025,8,11.68,1.91,22.03,52.37,8.59,0.0,3.2444444444444445,2.7037037037037037,5.84,3.893333333333333,50.0,2.0
2025-01-09,50.0,3.083333333333333,4.44,2.0,2025,9,13.32,1.3,23.39,49.22,9.96,0.0,3.7,3.0833333333333335,6.66,4.44,50.0,2.0
2025-01-10,50.0,3.157407407407407,4.546666666666666,2.0,2025,10,13.64,1.74,24.57,50.1,10.52,0.05,3.7888888888888888,3.157407407407407,6.819999999999999,4.546666666666666,50.0,2.0
2025-01-11,50.0,2.9699074074074074,4.276666666666666,2.0,2025,11,12.83,1.85,24.51,53.69,10.03,0.0,3.5638888888888887,2.9699074074074074,6.414999999999999,4.276666666666666,50.0,2.0
2025-01-12,50.0,3.0439814814814814,4.383333333333334,2.0,2025,12,13.15,2.09,23.54,61.91,10.76,0.0,3.6527777777777777,3.0439814814814814,6.575,4.383333333333334,50.0,2.0
2025-01-13,50.0,3.363425925925925,4.843333333333333,2.0,2025,13,14.53,2.99,22.15,56.23,8.57,0.0,4.0361111111111105,3.363425925925925,7.264999999999999,4.843333333333333,50.0,2.0
2025-01-14,50.0,3.398148148148148,4.893333333333333,2.0,2025,14,14.68,1.42,20.89,36.06,5.66,0.0,4.0777777777777775,3.398148148148148,7.339999999999999,4.893333333333333,50.0,2.0
2025-01-15,50.0,3.2847222222222223,4.73,2.0,2025,15,14.19,2.03,19.21,31.2,4.14,0.0,3.9416666666666664,3.2847222222222223,7.095,4.7299999999999995,50.0,2.0
2025-01-16,50.0,3.2962962962962967,4.746666666666667,2.0,2025,16,14.24,1.5,18.76,47.87,3.97,0.0,3.9555555555555557,3.2962962962962967,7.12,4.746666666666667,50.0,2.0
2025-01-17,50.0,2.016203703703704,2.9033333333333338,2.0,2025,17,8.71,1.26,16.44,68.38,5.98,0.09,2.4194444444444447,2.016203703703704,4.355,2.9033333333333338,50.0,2.0
2025-01-18,50.0,3.1087962962962963,4.476666666666666,2.0,2025,18,13.43,1.34,18.34,59.69,7.65,0.14,3.730555555555555,3.1087962962962963,6.714999999999999,4.476666666666666,50.0,2.0
2025-01-19,50.0,3.3032407407407405,4.756666666666666,2.0,2025,19,14.27,1.68,19.49,46.72,5.95,0.0,3.9638888888888886,3.3032407407407405,7.134999999999999,4.756666666666666,50.0,2.0
2025-01-20,50.0,2.6990740740740744,3.8866666666666654,2.0,2025,20,11.66,2.06,24.85,40.71,7.3,0.0,3.238888888888889,2.6990740740740744,5.829999999999999,3.8866666666666663,50.0,2.0
2025-01-21,50.0,3.226851851851851,4.646666666666666,2.0,2025,21,13.94,3.11,27.08,25.91,9.05,0.0,3.872222222222222,3.226851851851851,6.969999999999998,4.646666666666666,50.0,2.0
2025-01-22,50.0,3.020833333333333,4.35,2.0,2025,22,13.05,3.3,25.33,38.08,10.56,0.0,3.625,3.020833333333333,6.5249999999999995,4.35,50.0,2.0
2025-01-23,50.0,3.3888888888888884,4.88,2.0,2025,23,14.64,1.16,22.96,46.31,9.76,0.0,4.066666666666666,3.3888888888888884,7.319999999999999,4.88,50.0,2.0
2025-01-24,50.0,3.416666666666666,4.92,2.0,2025,24,14.76,1.39,24.76,41.96,8.21,0.0,4.1,3.416666666666666,7.38,4.92,50.0,2.0
2025-01-25,50.0,2.9027777777777777,4.179999999999999,2.0,2025,25,12.54,1.36,22.89,59.35,8.33,0.0,3.483333333333333,2.9027777777777777,6.269999999999999,4.179999999999999,50.0,2.0
2025-01-26,50.0,2.8541666666666665,4.11,2.0,2025,26,12.33,1.57,24.3,58.22,9.13,0.03,3.425,2.8541666666666665,6.165,4.11,50.0,2.0
2025-01-27,50.0,3.136574074074074,4.516666666666667,2.0,2025,27,13.55,2.42,26.01,52.45,10.0,0.23,3.763888888888889,3.136574074074074,6.7749999999999995,4.516666666666667,50.0,2.0
2025-01-28,50.0,2.6620370370370368,3.8333333333333326,2.0,2025,28,11.5,2.16,21.47,67.34,8.34,1.17,3.194444444444444,2.6620370370370368,5.749999999999999,3.8333333333333326,50.0,2.0
2025-01-29,50.0,3.4074074074074074,4.906666666666666,2.0,2025,29,14.72,2.19,23.79,54.82,7.78,0.81,4.088888888888889,3.4074074074074074,7.359999999999999,4.906666666666666,50.0,2.0
2025-01-30,50.0,2.673611111111111,3.85,2.0,2025,30,11.55,3.05,15.16,76.6,7.0,6.2,3.2083333333333335,2.673611111111111,5.775,3.85,50.0,2.0
2025-01-31,50.0,2.828703703703704,4.073333333333333,2.0,2025,31,12.22,1.99,16.26,63.27,5.2,0.01,3.3944444444444444,2.8287037037037037,6.109999999999999,4.073333333333333,50.0,2.0
2025-02-01,50.0,3.541666666666667,5.1,2.0,2025,32,15.3,1.51,18.73,56.18,4.33,0.0,4.25,3.541666666666667,7.6499999999999995,5.1,50.0,2.0
2025-02-02,50.0,2.5486111111111107,3.67,2.0,2025,33,11.01,1.49,15.6,70.73,4.93,0.19,3.058333333333333,2.5486111111111107,5.505,3.67,50.0,2.0
2025-02-03,50.0,2.6296296296296298,3.786666666666666,2.0,2025,34,11.36,1.54,19.66,70.06,6.23,0.01,3.1555555555555554,2.6296296296296298,5.68,3.7866666666666666,50.0,2.0
2025-02-04,50.0,3.872685185185185,5.576666666666667,2.0,2025,35,16.73,2.25,18.0,65.15,5.7,0.0,4.647222222222222,3.872685185185185,8.365,5.576666666666667,50.0,2.0
2025-02-05,50.0,3.9166666666666665,5.64,2.0,2025,36,16.92,1.39,21.09,47.52,5.53,0.0,4.7,3.9166666666666665,8.459999999999999,5.64,50.0,2.0
2025-02-06,50.0,3.88425925925926,5.593333333333334,2.0,2025,37,16.78,1.64,22.77,40.06,6.9,0.0,4.661111111111111,3.8842592592592595,8.39,5.593333333333334,50.0,2.0
2025-02-07,50.0,3.969907407407407,5.716666666666666,2.0,2025,38,17.15,1.62,21.8,47.31,5.23,0.0,4.763888888888888,3.969907407407407,8.575,5.716666666666666,50.0,2.0
2025-02-08,50.0,4.025462962962963,5.796666666666667,2.0,2025,39,17.39,1.63,21.86,47.7,7.28,0.0,4.830555555555556,4.025462962962963,8.695,5.796666666666667,50.0,2.0
2025-02-09,50.0,4.00925925925926,5.7733333333333325,2.0,2025,40,17.32,1.4,23.88,39.03,7.84,0.0,4.811111111111111,4.0092592592592595,8.659999999999998,5.7733333333333325,50.0,2.0
2025-02-10,50.0,3.9652777777777777,5.71,2.0,2025,41,17.13,1.92,24.11,33.54,7.98,0.0,4.758333333333333,3.9652777777777777,8.565,5.71,50.0,2.0
2025-02-11,50.0,3.893518518518519,5.6066666666666665,2.0,2025,42,16.82,2.24,23.83,32.96,7.68,0.0,4.6722222222222225,3.893518518518519,8.41,5.6066666666666665,50.0,2.0
2025-02-12,50.0,3.905092592592592,5.623333333333332,2.0,2025,43,16.87,1.64,23.09,40.36,9.12,0.01,4.686111111111111,3.905092592592592,8.434999999999999,5.623333333333332,50.0,2.0
2025-02-13,50.0,4.164351851851851,5.996666666666665,2.0,2025,44,17.99,1.34,24.61,38.36,8.77,0.0,4.997222222222222,4.164351851851851,8.994999999999997,5.996666666666665,50.0,2.0
2025-02-14,50.0,4.111111111111112,5.920000000000001,2.0,2025,45,17.76,1.71,26.25,31.51,8.15,0.0,4.933333333333334,4.111111111111112,8.88,5.920000000000001,50.0,2.0
2025-02-15,50.0,2.710648148148148,3.903333333333333,2.0,2025,46,11.71,2.89,24.61,32.75,10.18,0.82,3.2527777777777778,2.710648148148148,5.8549999999999995,3.903333333333333,50.0,2.0
2025-02-16,50.0,1.898148148148148,2.733333333333333,2.0,2025,47,8.2,2.39,17.83,75.98,8.09,6.64,2.2777777777777777,1.898148148148148,4.1,2.733333333333333,50.0,2.0
2025-02-17,50.0,3.733796296296296,5.376666666666666,2.0,2025,48,16.13,1.08,22.13,56.05,7.94,0.01,4.480555555555555,3.7337962962962963,8.065,5.376666666666666,50.0,2.0
2025-02-18,50.0,2.3402777777777777,3.37,2.0,2025,49,10.11,3.37,22.89,61.21,8.71,6.04,2.808333333333333,2.3402777777777777,5.055,3.3699999999999997,50.0,2.0
2025-02-19,50.0,2.6967592592592595,3.883333333333333,2.0,2025,50,11.65,1.71,19.11,80.76,9.25,4.85,3.236111111111111,2.6967592592592595,5.825,3.8833333333333333,50.0,2.0
2025-02-20,50.0,4.127314814814815,5.9433333333333325,2.0,2025,51,17.83,1.73,23.6,61.65,9.08,0.01,4.9527777777777775,4.127314814814815,8.915,5.9433333333333325,50.0,2.0
2025-02-21,50.0,3.833333333333333,5.52,2.0,2025,52,16.56,2.65,25.13,54.03,10.47,0.0,4.6,3.833333333333333,8.28,5.52,50.0,2.0
2025-02-22,50.0,3.4490740740740744,4.966666666666667,2.0,2025,53,14.9,2.33,23.22,61.86,10.75,0.02,4.138888888888889,3.4490740740740744,7.45,4.966666666666667,50.0,2.0
2025-02-23,50.0,4.266203703703704,6.1433333333333335,2.0,2025,54,18.43,2.81,21.58,65.43,8.93,0.04,5.1194444444444445,4.266203703703704,9.215,6.1433333333333335,50.0,2.0
2025-02-24,50.0,4.344907407407407,6.256666666666667,2.0,2025,55,18.77,1.53,24.98,46.96,7.89,0.0,5.213888888888889,4.344907407407407,9.385,6.256666666666667,50.0,2.0
2025-02-25,50.0,4.164351851851851,5.996666666666665,2.0,2025,56,17.99,1.49,24.04,48.73,8.75,0.02,4.997222222222222,4.164351851851851,8.994999999999997,5.996666666666665,50.0,2.0
2025-02-26,50.0,4.49537037037037,6.473333333333334,2.0,2025,57,19.42,1.41,24.51,57.76,9.56,0.06,5.394444444444445,4.49537037037037,9.71,6.473333333333334,50.0,2.0
2025-02-27,50.0,3.189814814814815,4.593333333333333,2.0,2025,58,13.78,1.62,23.57,61.57,10.3,0.07,3.8277777777777775,3.189814814814815,6.889999999999999,4.593333333333333,50.0,2.0
2025-02-28,50.0,2.976851851851852,4.286666666666666,2.0,2025,59,12.86,3.57,16.64,78.88,8.67,12.13,3.572222222222222,2.9768518518518516,6.43,4.286666666666666,50.0,2.0
2025-03-01,50.0,4.331018518518518,6.2366666666666655,2.0,2025,60,18.71,1.68,18.83,70.02,8.04,1.38,5.197222222222222,4.331018518518518,9.354999999999999,6.2366666666666655,50.0,2.0
2025-03-02,50.0,4.553240740740741,6.556666666666668,2.0,2025,61,19.67,1.49,21.03,59.88,7.79,0.01,5.4638888888888895,4.553240740740741,9.835,6.5566666666666675,50.0,2.0
2025-03-03,50.0,3.9652777777777777,5.71,2.0,2025,62,17.13,2.21,23.18,59.32,7.54,9.53,4.758333333333333,3.9652777777777777,8.565,5.71,50.0,2.0
2025-03-04,50.0,4.356481481481482,6.273333333333333,2.0,2025,63,18.82,1.62,21.54,73.21,9.71,7.24,5.227777777777778,4.356481481481482,9.41,6.273333333333333,50.0,2.0
2025-03-05,50.0,3.844907407407408,5.536666666666666,2.0,2025,64,16.61,1.77,19.31,71.36,9.79,4.48,4.613888888888889,3.8449074074074074,8.305,5.536666666666666,50.0,2.0
2025-03-06,50.0,3.1875,4.59,2.0,2025,65,13.77,2.23,17.76,72.48,7.85,2.9,3.8249999999999997,3.1875,6.885,4.59,50.0,2.0
2025-03-07,50.0,4.138888888888888,5.959999999999998,2.0,2025,66,17.88,3.08,21.23,68.89,7.86,0.02,4.966666666666666,4.138888888888888,8.939999999999998,5.959999999999998,50.0,2.0
2025-03-08,50.0,2.011574074074074,2.896666666666666,2.0,2025,67,8.69,5.18,17.92,74.63,10.3,7.53,2.4138888888888888,2.011574074074074,4.344999999999999,2.896666666666666,50.0,2.0
2025-03-09,50.0,3.7083333333333335,5.34,2.0,2025,68,16.02,5.21,18.24,74.96,9.02,2.63,4.45,3.7083333333333335,8.01,5.34,50.0,2.0
2025-03-10,50.0,3.3935185185185186,4.886666666666666,2.0,2025,69,14.66,4.82,19.2,79.64,11.97,4.48,4.072222222222222,3.3935185185185186,7.329999999999999,4.886666666666666,50.0,2.0
2025-03-11,50.0,3.131944444444444,4.509999999999999,2.0,2025,70,13.53,3.52,19.54,81.2,11.24,4.5,3.758333333333333,3.1319444444444438,6.764999999999999,4.509999999999999,50.0,2.0
2025-03-12,50.0,3.0254629629629632,4.3566666666666665,2.0,2025,71,13.07,3.75,22.44,74.48,11.42,1.62,3.6305555555555555,3.0254629629629632,6.535,4.3566666666666665,50.0,2.0
2025-03-13,50.0,4.07175925925926,5.863333333333333,2.0,2025,72,17.59,5.84,20.43,70.02,11.86,4.0,4.886111111111111,4.0717592592592595,8.795,5.863333333333333,50.0,2.0
2025-03-14,50.0,3.261574074074074,4.696666666666666,2.0,2025,73,14.09,5.08,14.74,82.38,9.86,11.28,3.9138888888888888,3.261574074074074,7.044999999999999,4.696666666666666,50.0,2.0
2025-03-15,50.0,4.101851851851851,5.906666666666665,2.0,2025,74,17.72,1.61,19.42,68.06,8.1,1.18,4.922222222222222,4.101851851851851,8.859999999999998,5.906666666666665,50.0,2.0
2025-03-16,50.0,5.12037037037037,7.373333333333334,2.0,2025,75,22.12,1.63,21.78,61.04,6.7,0.0,6.144444444444445,5.12037037037037,11.06,7.373333333333334,50.0,2.0
2025-03-17,50.0,4.50462962962963,6.486666666666667,2.0,2025,76,19.46,5.37,21.97,65.7,9.12,0.53,5.405555555555556,4.50462962962963,9.73,6.486666666666667,50.0,2.0
2025-03-18,50.0,5.069444444444445,7.3,2.0,2025,77,21.9,1.94,21.72,70.33,10.26,0.43,6.083333333333333,5.069444444444445,10.95,7.3,50.0,2.0
2025-03-19,50.0,5.013888888888889,7.219999999999999,2.0,2025,78,21.66,1.75,26.88,53.72,9.48,0.0,6.016666666666667,5.013888888888889,10.829999999999998,7.219999999999999,50.0,2.0
2025-03-20,50.0,5.203703703703704,7.493333333333332,2.0,2025,79,22.48,4.2,26.8,55.69,11.44,0.3,6.2444444444444445,5.203703703703704,11.239999999999998,7.493333333333332,50.0,2.0
2025-03-21,50.0,5.548611111111112,7.989999999999999,2.0,2025,80,23.97,2.01,21.97,67.79,9.93,0.56,6.658333333333333,5.548611111111112,11.985,7.989999999999999,50.0,2.0
2025-03-22,50.0,3.226851851851851,4.646666666666666,2.0,2025,81,13.94,2.18,19.27,69.84,6.55,0.56,3.872222222222222,3.226851851851851,6.969999999999998,4.646666666666666,50.0,2.0
2025-03-23,50.0,4.212962962962963,6.066666666666666,2.0,2025,82,18.2,2.03,18.01,73.64,5.37,0.4,5.055555555555555,4.212962962962963,9.1,6.066666666666666,50.0,2.0
2025-03-24,50.0,4.451388888888889,6.41,2.0,2025,83,19.23,2.56,18.9,70.27,7.03,0.09,5.341666666666667,4.451388888888889,9.615,6.41,50.0,2.0
2025-03-25,50.0,5.847222222222222,8.42,2.0,2025,84,25.26,2.72,20.76,66.8,6.49,0.02,7.016666666666667,5.847222222222222,12.63,8.42,50.0,2.0
2025-03-26,50.0,5.914351851851852,8.516666666666667,2.0,2025,85,25.55,2.68,23.45,56.58,7.04,0.02,7.097222222222222,5.914351851851852,12.775,8.516666666666667,50.0,2.0
2025-03-27,50.0,5.465277777777777,7.869999999999998,2.0,2025,86,23.61,1.95,26.93,47.71,9.05,0.0,6.558333333333333,5.465277777777777,11.804999999999998,7.869999999999998,50.0,2.0
2025-03-28,50.0,5.787037037037037,8.333333333333334,2.0,2025,87,25.0,2.34,29.87,38.62,11.42,0.0,6.944444444444445,5.787037037037037,12.5,8.333333333333334,50.0,2.0
2025-03-29,50.0,5.953703703703703,8.573333333333332,2.0,2025,88,25.72,1.92,31.13,35.93,14.44,0.0,7.144444444444444,5.953703703703703,12.86,8.573333333333332,50.0,2.0
2025-03-30,50.0,5.939814814814815,8.553333333333333,2.0,2025,89,25.66,1.47,32.97,36.92,15.0,0.0,7.127777777777777,5.939814814814815,12.829999999999998,8.553333333333333,50.0,2.0
2025-03-31,50.0,5.231481481481481,7.533333333333332,2.0,2025,90,22.6,2.33,27.98,60.0,12.67,0.0,6.277777777777778,5.231481481481481,11.299999999999999,7.533333333333332,50.0,2.0
2025-04-01,50.0,4.175925925925926,6.013333333333333,2.0,2025,91,18.04,2.55,23.37,68.01,11.01,0.09,5.011111111111111,4.175925925925926,9.02,6.013333333333333,50.0,2.0
2025-04-02,50.0,4.703703703703704,6.773333333333333,2.0,2025,92,20.32,3.45,22.59,70.73,10.85,0.3,5.644444444444445,4.703703703703704,10.16,6.773333333333333,50.0,2.0
2025-04-03,50.0,5.622685185185184,8.096666666666666,2.0,2025,93,24.29,3.64,28.52,57.63,9.97,0.02,6.747222222222222,5.622685185185184,12.144999999999998,8.096666666666666,50.0,2.0
2025-04-04,50.0,5.212962962962963,7.506666666666667,2.0,2025,94,22.52,3.22,24.31,64.69,12.17,0.04,6.2555555555555555,5.212962962962963,11.26,7.506666666666667,50.0,2.0
2025-04-05,50.0,4.592592592592593,6.613333333333333,2.0,2025,95,19.84,1.61,24.61,65.08,11.14,0.05,5.511111111111111,4.592592592592593,9.92,6.613333333333333,50.0,2.0
2025-04-06,50.0,5.675925925925926,8.173333333333334,2.0,2025,96,24.52,1.72,25.84,62.17,9.9,0.0,6.811111111111111,5.675925925925926,12.26,8.173333333333334,50.0,2.0
2025-04-07,50.0,5.733796296296296,8.256666666666666,2.0,2025,97,24.77,1.97,29.36,56.22,11.78,0.0,6.8805555555555555,5.733796296296296,12.385,8.256666666666666,50.0,2.0
2025-04-08,50.0,5.6944444444444455,8.200000000000001,2.0,2025,98,24.6,2.49,35.56,42.67,14.09,0.0,6.833333333333334,5.6944444444444455,12.3,8.200000000000001,50.0,2.0
2025-04-09,50.0,2.0671296296296298,2.9766666666666666,2.0,2025,99,8.93,1.86,30.98,43.91,17.09,0.51,2.4805555555555556,2.0671296296296298,4.465,2.9766666666666666,50.0,2.0
2025-04-10,50.0,3.967592592592593,5.713333333333334,2.0,2025,100,17.14,1.22,26.55,58.27,16.12,0.01,4.761111111111111,3.9675925925925926,8.57,5.713333333333334,50.0,2.0
2025-04-11,50.0,4.724537037037037,6.803333333333334,2.0,2025,101,20.41,2.42,30.16,62.69,14.39,1.28,5.669444444444444,4.724537037037037,10.205,6.803333333333334,50.0,2.0
2025-04-12,50.0,3.314814814814815,4.773333333333333,2.0,2025,102,14.32,2.2,25.76,71.04,13.79,10.84,3.977777777777778,3.314814814814815,7.16,4.773333333333333,50.0,2.0
2025-04-13,50.0,3.5625,5.13,2.0,2025,103,15.39,2.23,21.85,73.58,12.68,5.87,4.275,3.5625,7.694999999999999,5.13,50.0,2.0
2025-04-14,50.0,4.6875,6.75,2.0,2025,104,20.25,2.15,24.44,70.2,12.96,0.67,5.625,4.6875,10.125,6.75,50.0,2.0
2025-04-15,50.0,3.8958333333333335,5.609999999999999,2.0,2025,105,16.83,2.89,22.25,70.71,9.73,1.58,4.675,3.8958333333333335,8.415,5.609999999999999,50.0,2.0
2025-04-16,50.0,5.962962962962964,8.586666666666666,2.0,2025,106,25.76,3.1,22.69,60.6,9.72,0.04,7.155555555555556,5.962962962962964,12.879999999999999,8.586666666666666,50.0,2.0
2025-04-17,50.0,5.576388888888889,8.03,2.0,2025,107,24.09,2.04,28.2,51.75,8.34,0.0,6.691666666666666,5.576388888888889,12.044999999999998,8.03,50.0,2.0
2025-04-18,50.0,5.530092592592593,7.963333333333334,2.0,2025,108,23.89,2.78,30.44,45.88,13.99,0.0,6.636111111111111,5.530092592592593,11.945,7.963333333333334,50.0,2.0
2025-04-19,50.0,3.0625,4.409999999999999,2.0,2025,109,13.23,2.95,23.23,68.43,11.11,0.01,3.675,3.0624999999999996,6.614999999999999,4.409999999999999,50.0,2.0
2025-04-20,50.0,5.916666666666667,8.52,2.0,2025,110,25.56,3.36,22.19,58.85,9.63,0.02,7.1,5.916666666666667,12.78,8.52,50.0,2.0
2025-04-21,50.0,6.275462962962962,9.036666666666664,2.0,2025,111,27.11,3.31,26.18,59.45,8.25,0.0,7.530555555555555,6.275462962962962,13.554999999999998,9.036666666666665,50.0,2.0
2025-04-22,50.0,6.314814814814814,9.093333333333332,2.0,2025,112,27.28,3.03,27.21,60.05,10.04,0.01,7.5777777777777775,6.314814814814814,13.639999999999999,9.093333333333332,50.0,2.0
2025-04-23,50.0,5.277777777777778,7.599999999999999,2.0,2025,113,22.8,2.65,32.6,51.42,11.76,0.01,6.333333333333333,5.277777777777778,11.399999999999999,7.599999999999999,50.0,2.0
2025-04-24,50.0,4.881944444444445,7.03,2.0,2025,114,21.09,2.82,32.98,44.58,15.95,0.03,5.858333333333333,4.881944444444445,10.545,7.03,50.0,2.0
2025-04-25,50.0,5.525462962962963,7.956666666666667,2.0,2025,115,23.87,1.73,28.54,60.36,13.35,0.1,6.6305555555555555,5.525462962962963,11.935,7.956666666666667,50.0,2.0
2025-04-26,50.0,6.375,9.18,2.0,2025,116,27.54,2.53,29.85,60.21,13.91,0.0,7.6499999999999995,6.375,13.77,9.18,50.0,2.0
2025-04-27,50.0,6.4282407407407405,9.256666666666666,2.0,2025,117,27.77,2.36,34.49,49.4,14.12,0.0,7.713888888888889,6.4282407407407405,13.885,9.256666666666666,50.0,2.0
2025-04-28,50.0,6.479166666666666,9.33,2.0,2025,118,27.99,2.37,32.05,47.48,14.79,0.0,7.7749999999999995,6.479166666666666,13.995,9.33,50.0,2.0
2025-04-29,50.0,6.358796296296295,9.156666666666665,2.0,2025,119,27.47,2.8,26.52,60.99,12.32,0.0,7.630555555555555,6.358796296296295,13.734999999999998,9.156666666666665,50.0,2.0
2025-04-30,50.0,4.168981481481482,6.003333333333334,2.0,2025,120,18.01,2.98,24.04,60.5,11.25,0.0,5.002777777777778,4.168981481481482,9.005,6.003333333333334,50.0,2.0
2025-05-01,50.0,6.344907407407407,9.136666666666663,2.0,2025,121,27.41,2.95,29.36,55.13,9.33,0.01,7.613888888888889,6.344907407407407,13.704999999999998,9.136666666666665,50.0,2.0
2025-05-02,50.0,5.951388888888889,8.57,2.0,2025,122,25.71,3.24,26.33,55.65,11.49,0.0,7.141666666666667,5.951388888888889,12.855,8.57,50.0,2.0
2025-05-03,50.0,5.842592592592592,8.413333333333332,2.0,2025,123,25.24,2.45,25.48,62.88,12.64,0.02,7.01111111111111,5.842592592592592,12.619999999999997,8.413333333333332,50.0,2.0
2025-05-04,50.0,5.905092592592593,8.503333333333334,2.0,2025,124,25.51,2.02,26.77,60.4,12.99,0.07,7.086111111111111,5.905092592592593,12.755,8.503333333333334,50.0,2.0
2025-05-05,50.0,6.456018518518518,9.296666666666663,2.0,2025,125,27.89,2.34,26.4,57.37,12.84,0.05,7.747222222222222,6.456018518518518,13.944999999999999,9.296666666666665,50.0,2.0
2025-05-06,50.0,5.122685185185185,7.376666666666666,2.0,2025,126,22.13,2.31,27.64,58.97,11.69,0.03,6.147222222222222,5.122685185185185,11.065,7.376666666666666,50.0,2.0
2025-05-07,50.0,6.493055555555555,9.35,2.0,2025,127,28.05,2.24,29.36,58.58,12.3,0.04,7.791666666666667,6.493055555555555,14.025,9.35,50.0,2.0
2025-05-08,50.0,3.62037037037037,5.213333333333333,2.0,2025,128,15.64,2.73,25.62,63.3,13.13,0.14,4.344444444444444,3.62037037037037,7.819999999999999,5.213333333333333,50.0,2.0
2025-05-09,50.0,5.456018518518518,7.856666666666666,2.0,2025,129,23.57,1.91,26.45,57.75,13.02,0.03,6.5472222222222225,5.456018518518518,11.785,7.8566666666666665,50.0,2.0
2025-05-10,50.0,6.439814814814815,9.273333333333332,2.0,2025,130,27.82,2.12,27.04,56.28,12.72,0.0,7.727777777777778,6.439814814814815,13.909999999999998,9.273333333333332,50.0,2.0
2025-05-11,50.0,4.0115740740740735,5.776666666666666,2.0,2025,131,17.33,2.34,26.06,58.57,12.46,0.44,4.813888888888888,4.0115740740740735,8.665,5.776666666666666,50.0,2.0
2025-05-12,50.0,6.152777777777777,8.86,2.0,2025,132,26.58,2.62,28.27,57.53,13.28,0.08,7.383333333333333,6.152777777777777,13.29,8.86,50.0,2.0
2025-05-13,50.0,3.831018518518519,5.516666666666667,2.0,2025,133,16.55,3.15,23.2,62.33,11.85,2.45,4.597222222222222,3.8310185185185186,8.275,5.516666666666667,50.0,2.0
2025-05-14,50.0,3.555555555555556,5.12,2.0,2025,134,15.36,2.8,24.92,58.57,11.26,0.76,4.266666666666667,3.555555555555556,7.68,5.12,50.0,2.0
2025-05-15,50.0,6.638888888888888,9.56,2.0,2025,135,28.68,3.29,27.52,53.08,10.61,0.03,7.966666666666667,6.638888888888888,14.34,9.56,50.0,2.0
2025-05-16,50.0,6.680555555555555,9.62,2.0,2025,136,28.86,2.38,31.87,43.86,11.15,0.0,8.016666666666666,6.680555555555555,14.429999999999998,9.62,50.0,2.0
2025-05-17,50.0,6.620370370370371,9.533333333333331,2.0,2025,137,28.6,2.75,35.11,43.93,15.79,0.0,7.944444444444445,6.620370370370371,14.299999999999999,9.533333333333333,50.0,2.0
2025-05-18,50.0,6.569444444444445,9.46,2.0,2025,138,28.38,3.27,28.34,61.38,13.87,0.0,7.883333333333333,6.569444444444445,14.19,9.459999999999999,50.0,2.0
2025-05-19,50.0,6.604166666666666,9.51,2.0,2025,139,28.53,4.01,28.95,57.87,13.55,0.0,7.925,6.604166666666666,14.264999999999999,9.51,50.0,2.0
2025-05-20,50.0,6.655092592592592,9.583333333333334,2.0,2025,140,28.75,3.56,30.81,51.89,13.34,0.0,7.986111111111111,6.655092592592592,14.375,9.583333333333334,50.0,2.0
2025-05-21,50.0,6.402777777777779,9.22,2.0,2025,141,27.66,2.88,30.0,54.68,14.46,0.0,7.683333333333334,6.402777777777779,13.830000000000002,9.22,50.0,2.0
2025-05-22,50.0,6.543981481481481,9.423333333333332,2.0,2025,142,28.27,2.62,31.44,57.31,15.46,0.01,7.852777777777778,6.543981481481481,14.134999999999998,9.423333333333332,50.0,2.0
2025-05-23,50.0,6.608796296296297,9.516666666666667,2.0,2025,143,28.55,2.44,30.61,53.8,15.58,0.0,7.930555555555555,6.608796296296297,14.275,9.516666666666667,50.0,2.0
2025-05-24,50.0,6.719907407407407,9.676666666666666,2.0,2025,144,29.03,2.8,33.17,49.25,13.88,0.0,8.063888888888888,6.719907407407407,14.514999999999999,9.676666666666666,50.0,2.0
2025-05-25,50.0,6.585648148148148,9.483333333333333,2.0,2025,145,28.45,2.42,37.09,33.68,17.94,0.0,7.902777777777778,6.585648148148148,14.224999999999998,9.483333333333333,50.0,2.0
2025-05-26,50.0,6.12037037037037,8.813333333333334,2.0,2025,146,26.44,2.81,39.81,34.86,20.19,0.46,7.344444444444445,6.12037037037037,13.220000000000002,8.813333333333334,50.0,2.0
2025-05-27,50.0,6.613425925925926,9.523333333333332,2.0,2025,147,28.57,2.47,36.98,40.18,21.42,0.35,7.936111111111111,6.613425925925926,14.285,9.523333333333333,50.0,2.0
2025-05-28,50.0,5.585648148148148,8.043333333333331,2.0,2025,148,24.13,3.06,38.42,31.92,20.93,0.04,6.7027777777777775,5.585648148148148,12.064999999999998,8.043333333333331,50.0,2.0
2025-05-29,50.0,3.9120370370370368,5.633333333333332,2.0,2025,149,16.9,2.16,41.05,25.54,24.32,0.05,4.694444444444444,3.9120370370370368,8.449999999999998,5.633333333333332,50.0,2.0
2025-05-30,50.0,5.50925925925926,7.933333333333334,2.0,2025,150,23.8,2.56,39.89,30.83,22.04,0.0,6.611111111111111,5.5092592592592595,11.9,7.933333333333334,50.0,2.0
2025-05-31,50.0,6.689814814814814,9.633333333333333,2.0,2025,151,28.9,2.51,38.49,36.97,20.78,0.0,8.027777777777777,6.689814814814814,14.449999999999998,9.633333333333331,50.0,2.0
2025-06-01,50.0,6.752314814814815,9.723333333333333,2.0,2025,152,29.17,2.46,36.57,40.91,18.33,0.0,8.102777777777778,6.752314814814815,14.584999999999999,9.723333333333333,50.0,2.0
2025-06-02,50.0,6.810185185185186,9.806666666666668,2.0,2025,153,29.42,2.74,31.95,48.17,15.93,0.0,8.172222222222222,6.810185185185186,14.71,9.806666666666667,50.0,2.0
2025-06-03,50.0,6.675925925925927,9.613333333333332,2.0,2025,154,28.84,3.18,28.85,55.15,16.37,0.19,8.011111111111111,6.6759259259259265,14.42,9.613333333333333,50.0,2.0
2025-06-04,50.0,6.655092592592592,9.583333333333334,2.0,2025,155,28.75,3.52,29.24,50.51,14.03,0.0,7.986111111111111,6.655092592592592,14.375,9.583333333333334,50.0,2.0
2025-06-05,50.0,6.6782407407407405,9.616666666666664,2.0,2025,156,28.85,3.31,32.6,52.33,15.28,0.0,8.01388888888889,6.6782407407407405,14.424999999999999,9.616666666666665,50.0,2.0
2025-06-06,50.0,6.530092592592593,9.403333333333334,2.0,2025,157,28.21,3.01,34.87,48.51,17.68,0.01,7.836111111111111,6.530092592592593,14.105,9.403333333333334,50.0,2.0
2025-06-07,50.0,6.587962962962964,9.486666666666666,2.0,2025,158,28.46,2.88,40.41,41.12,20.16,0.37,7.905555555555556,6.587962962962964,14.23,9.486666666666666,50.0,2.0
2025-06-08,50.0,6.682870370370369,9.623333333333331,2.0,2025,159,28.87,2.67,37.52,44.05,20.66,0.08,8.019444444444444,6.682870370370369,14.434999999999999,9.623333333333333,50.0,2.0
2025-06-09,50.0,5.421296296296296,7.806666666666666,2.0,2025,160,23.42,2.76,35.85,47.3,20.48,0.57,6.5055555555555555,5.421296296296296,11.709999999999999,7.806666666666666,50.0,2.0
2025-06-10,50.0,5.094907407407407,7.336666666666666,2.0,2025,161,22.01,3.29,31.01,56.7,17.68,0.44,6.113888888888889,5.094907407407407,11.004999999999999,7.336666666666666,50.0,2.0
2025-06-11,50.0,6.69675925925926,9.643333333333333,2.0,2025,162,28.93,3.32,32.03,53.27,16.24,0.0,8.036111111111111,6.6967592592592595,14.465,9.643333333333333,50.0,2.0
2025-06-12,50.0,6.710648148148147,9.663333333333332,2.0,2025,163,28.99,3.25,32.4,51.82,16.89,0.0,8.052777777777777,6.710648148148147,14.494999999999997,9.663333333333332,50.0,2.0
2025-06-13,50.0,6.516203703703703,9.383333333333333,2.0,2025,164,28.15,3.59,31.64,52.43,17.35,0.0,7.819444444444444,6.516203703703703,14.075,9.383333333333333,50.0,2.0
2025-06-14,50.0,6.537037037037036,9.413333333333332,2.0,2025,165,28.24,3.89,32.99,57.17,17.94,0.36,7.844444444444444,6.537037037037036,14.12,9.413333333333332,50.0,2.0
2025-06-15,50.0,5.696759259259259,8.203333333333331,2.0,2025,166,24.61,3.15,36.97,52.34,17.35,2.94,6.83611111111111,5.696759259259259,12.304999999999998,8.203333333333331,50.0,2.0
2025-06-16,50.0,5.81712962962963,8.376666666666667,2.0,2025,167,25.13,2.5,39.8,46.96,20.36,2.9,6.980555555555555,5.81712962962963,12.565,8.376666666666667,50.0,2.0
2025-06-17,50.0,6.534722222222222,9.41,2.0,2025,168,28.23,2.08,37.48,42.67,23.52,3.27,7.841666666666667,6.534722222222222,14.115,9.41,50.0,2.0
2025-06-18,50.0,4.261574074074074,6.136666666666666,2.0,2025,169,18.41,2.64,38.45,30.76,27.06,1.96,5.113888888888889,4.261574074074074,9.204999999999998,6.136666666666666,50.0,2.0
2025-06-19,50.0,6.625,9.54,2.0,2025,170,28.62,2.39,38.07,37.11,25.66,2.57,7.95,6.625,14.309999999999999,9.54,50.0,2.0
2025-06-20,50.0,6.636574074074074,9.556666666666668,2.0,2025,171,28.67,2.53,37.88,48.43,22.66,1.31,7.9638888888888895,6.636574074074074,14.335,9.556666666666667,50.0,2.0
2025-06-21,50.0,6.5532407407407405,9.436666666666666,2.0,2025,172,28.31,3.25,35.52,51.29,20.88,1.62,7.863888888888888,6.5532407407407405,14.155,9.436666666666666,50.0,2.0
2025-06-22,50.0,6.613425925925926,9.523333333333332,2.0,2025,173,28.57,3.33,33.97,53.24,19.57,0.85,7.936111111111111,6.613425925925926,14.285,9.523333333333333,50.0,2.0
2025-06-23,50.0,6.571759259259259,9.463333333333331,2.0,2025,174,28.39,3.33,32.11,52.24,17.31,0.34,7.886111111111111,6.571759259259259,14.195,9.463333333333333,50.0,2.0
2025-06-24,50.0,6.657407407407407,9.586666666666666,2.0,2025,175,28.76,3.48,32.63,54.73,17.15,0.0,7.988888888888889,6.657407407407407,14.379999999999999,9.586666666666666,50.0,2.0
2025-06-25,50.0,6.604166666666666,9.51,2.0,2025,176,28.53,3.39,35.52,48.11,17.86,0.49,7.925,6.604166666666666,14.264999999999999,9.51,50.0,2.0
2025-06-26,50.0,6.585648148148148,9.483333333333333,2.0,2025,177,28.45,2.22,41.01,37.13,19.75,0.82,7.902777777777778,6.585648148148148,14.224999999999998,9.483333333333333,50.0,2.0
2025-06-27,50.0,5.763888888888888,8.299999999999999,2.0,2025,178,24.9,3.35,44.01,20.41,29.21,1.63,6.916666666666666,5.763888888888888,12.449999999999998,8.299999999999999,50.0,2.0
2025-06-28,50.0,6.530092592592593,9.403333333333334,2.0,2025,179,28.21,2.98,45.86,18.18,30.81,0.44,7.836111111111111,6.530092592592593,14.105,9.403333333333334,50.0,2.0
2025-06-29,50.0,6.314814814814814,9.093333333333332,2.0,2025,180,27.28,2.23,46.09,16.59,29.76,0.0,7.5777777777777775,6.314814814814814,13.639999999999999,9.093333333333332,50.0,2.0
2025-06-30,50.0,6.6782407407407405,9.616666666666664,2.0,2025,181,28.85,2.43,45.44,22.35,26.9,0.83,8.01388888888889,6.6782407407407405,14.424999999999999,9.616666666666665,50.0,2.0
2025-07-01,50.0,6.539351851851852,9.416666666666666,2.0,2025,182,28.25,2.56,42.41,33.2,27.01,2.0,7.847222222222222,6.539351851851852,14.125,9.416666666666666,50.0,2.0
